中转IP,中转端口,回源IP,国家,数据中心,IP类型,网络延迟,等效带宽,峰值速度
3.138.59.154,443,3.130.64.226,US,,隧道,17 ms,1064 Mbps,136192 kB/s
35.202.158.120,443,35.202.158.120,US,Chicago,中转,38 ms,548 Mbps,70246 kB/s
129.146.7.98,443,2a09:bac5:60e8:1173::1bd:f1,US,Los Angeles,隧道,65 ms,82 Mbps,10547 kB/s
43.153.103.203,443,43.153.103.203,US,San Jose,中转,71 ms,283 Mbps,36249 kB/s
150.136.240.243,443,150.136.240.243,US,Ashburn,中转,9 ms,944 Mbps,120832 kB/s
129.146.46.164,443,129.146.46.164,US,Los Angeles,中转,80 ms,256 Mbps,32768 kB/s
140.238.158.238,443,140.238.158.238,CA,Toronto,中转,117 ms,65 Mbps,8442 kB/s
192.18.159.129,443,192.18.159.129,CA,Toronto,中转,14 ms,72 Mbps,9259 kB/s
35.230.79.26,443,34.169.20.76,US,Seattle,隧道,74 ms,339 Mbps,43417 kB/s
193.122.197.111,443,193.122.197.111,US,Ashburn,中转,7 ms,394 Mbps,50483 kB/s
143.47.242.195,443,143.47.242.195,GB,London,中转,75 ms,40 Mbps,5158 kB/s
198.46.193.167,443,198.46.193.167,US,Dallas,中转,59 ms,69 Mbps,8911 kB/s
35.197.23.75,443,34.169.20.76,US,Seattle,隧道,75 ms,300 Mbps,38502 kB/s
129.146.47.72,443,104.28.205.110,US,Los Angeles,隧道,66 ms,48 Mbps,6240 kB/s
107.172.98.6,443,2001:470:c:30a::2,US,Los Angeles,隧道,61 ms,372 Mbps,47718 kB/s
150.230.23.156,443,2a0b:21c0:1007:1c8:0:c047:78c2:cc2a,DE,Frankfurt,隧道,85 ms,176 Mbps,22630 kB/s
129.146.254.39,443,2603:c020:9:e483:690:2c88:ed7a:3091,50 Mbps,6480 kB/s
2603:c020:9:e483:690:2c88:ed7a:3091,,,隧道,0 ms,null Mbps,null kB/s
152.67.233.64,443,2603:c024:c004:dd3f:333e:3245:d0f3:9f67,153 Mbps,19660 kB/s
2603:c024:c004:dd3f:333e:3245:d0f3:9f67,,,隧道,0 ms,null Mbps,null kB/s
129.153.119.97,443,129.153.119.97,US,Los Angeles,中转,71 ms,44 Mbps,5676 kB/s
184.169.181.217,443,184.169.181.217,US,San Jose,中转,85 ms,308 Mbps,39526 kB/s
84.235.169.234,443,84.235.169.234,NL,Amsterdam,中转,79 ms,45 Mbps,5863 kB/s
18.216.55.100,443,18.216.55.100,US,Chicago,中转,17 ms,320 Mbps,41062 kB/s
192.9.158.188,443,2a09:bac1:7680:1cf0::1d2:a1,US,San Jose,隧道,78 ms,78 Mbps,10035 kB/s
43.153.80.208,443,43.153.80.208,311 Mbps,39833 kB/s
43.153.80.208,,,隧道,0 ms,null Mbps,null kB/s
152.67.146.213,443,2a0b:21c0:100a:1b0:0:2848:e89c:eae5,DE,Frankfurt,隧道,89 ms,124 Mbps,15872 kB/s
23.94.217.204,443,23.94.217.204,NL,Amsterdam,中转,89 ms,214 Mbps,27443 kB/s
138.3.254.39,443,138.3.254.39,DE,Frankfurt,中转,85 ms,237 Mbps,30412 kB/s
129.146.133.33,443,129.146.133.33,US,Los Angeles,中转,94 ms,330 Mbps,42291 kB/s
18.197.218.69,443,18.197.218.69,DE,Frankfurt,中转,89 ms,240 Mbps,30720 kB/s
18.184.55.249,443,18.184.55.249,DE,Frankfurt,中转,86 ms,235 Mbps,30105 kB/s
3.67.25.193,443,18.197.218.69,DE,Frankfurt,隧道,109 ms,239 Mbps,30617 kB/s
198.23.236.101,443,198.23.236.101,US,San Jose,中转,123 ms,305 Mbps,39116 kB/s
132.226.31.178,443,2a09:bac1:76e0:e18::26a:8,US,Los Angeles,隧道,69 ms,29 Mbps,3721 kB/s
152.70.52.215,443,152.70.52.215,NL,Amsterdam,中转,88 ms,220 Mbps,28160 kB/s
158.101.175.51,443,158.101.175.51,DE,Frankfurt,中转,96 ms,41 Mbps,5293 kB/s
129.153.126.67,443,2a09:bac5:60ef:78::c:38b,US,Los Angeles,隧道,70 ms,35 Mbps,4518 kB/s
34.82.76.253,443,35.233.242.94,US,Seattle,隧道,73 ms,300 Mbps,38400 kB/s
3.112.21.102,443,3.112.21.102,JP,Tokyo,中转,158 ms,103 Mbps,13209 kB/s
23.94.43.51,443,23.94.43.51,US,Seattle,中转,78 ms,271 Mbps,34713 kB/s
129.146.175.160,443,129.146.175.160,US,Los Angeles,中转,69 ms,261 Mbps,33484 kB/s
132.226.208.217,443,2a0b:21c0:100a:1b7:0:34a8:c694:5fea,DE,Frankfurt,隧道,95 ms,113 Mbps,14540 kB/s
8.211.54.130,443,8.211.54.130,DE,Frankfurt,中转,112 ms,37 Mbps,4788 kB/s
129.151.204.91,443,129.151.204.91,SE,Stockholm,中转,133 ms,111 Mbps,14233 kB/s
141.144.197.111,443,141.144.197.111,NL,Amsterdam,中转,82 ms,268 Mbps,34406 kB/s
141.147.68.160,443,2a0b:21c0:100a:1b4:0:eb64:6eb2:d5e2,DE,Frankfurt,隧道,93 ms,120 Mbps,15360 kB/s
129.151.148.35,443,2a09:bac1:200:8::3c:16,AE,Dubai,隧道,193 ms,37 Mbps,4782 kB/s
64.110.103.69,443,64.110.103.69,JP,Osaka,中转,207 ms,30 Mbps,3901 kB/s
140.238.28.86,443,140.238.28.86,KR,Seoul,中转,183 ms,85 Mbps,10956 kB/s
141.147.83.38,443,2606:f240:f00:eaf1:0:e2d8:6841:cb79,US,Frankfurt,隧道,90 ms,124 Mbps,15974 kB/s
54.169.229.188,443,2406:da18:618:7e00:33b7:2027:d986:fdaa,SG,Singapore,隧道,223 ms,2 Mbps,305 kB/s
35.201.203.106,443,35.201.203.106,TW,Taipei,中转,187 ms,92 Mbps,11878 kB/s
141.147.184.160,443,141.147.184.160,JP,Tokyo,中转,219 ms,62 Mbps,8056 kB/s
168.138.201.0,443,168.138.201.0,JP,Tokyo,中转,211 ms,36 Mbps,4626 kB/s
144.24.80.56,443,2603:c024:8:5677:6f45:947f:3e3a:1eb8,KR,Seoul,隧道,184 ms,84 Mbps,10752 kB/s
64.110.101.31,443,2a09:bac1:3b60:b8::300:3,JP,Osaka,隧道,214 ms,30 Mbps,3882 kB/s
129.154.207.203,443,2a09:bac1:3f00:90::22:10e,KR,Seoul,隧道,185 ms,83 Mbps,10649 kB/s
150.230.6.108,443,150.230.6.108,JP,Osaka,中转,214 ms,60 Mbps,7751 kB/s
150.230.63.93,443,150.230.63.93,JP,Osaka,中转,211 ms,33 Mbps,4328 kB/s
138.2.56.246,443,138.2.56.246,JP,Osaka,中转,216 ms,61 Mbps,7873 kB/s
129.159.22.4,443,129.159.22.4,IN,Chennai,中转,207 ms,27 Mbps,3542 kB/s
144.24.78.162,443,144.24.78.162,KR,Seoul,中转,184 ms,50 Mbps,6511 kB/s
192.9.180.162,443,192.9.180.162,AU,Sydney,中转,209 ms,33 Mbps,4278 kB/s
103.137.63.3,443,122.118.142.215,TW,,隧道,190 ms,74 Mbps,9510 kB/s
204.110.220.3,443,204.110.220.206,US,,隧道,81 ms,188 Mbps,24064 kB/s
8.210.92.27,443,8.210.92.27,HK,Hong Kong,中转,227 ms,0 Mbps,32 kB/s
3.144.191.4,443,3.144.191.4,US,Chicago,中转,148 ms,740 Mbps,94720 kB/s
44.230.218.23,443,52.35.136.129,US,,隧道,84 ms,256 Mbps,32870 kB/s
8.218.148.106,443,8.218.148.106,HK,,中转,229 ms,0 Mbps,11 kB/s
34.69.150.180,443,34.69.150.180,US,,中转,27 ms,620 Mbps,79360 kB/s
44.224.24.91,443,44.224.24.91,US,,中转,84 ms,225 Mbps,28876 kB/s
18.236.13.188,443,204.110.220.101,US,,隧道,87 ms,193 Mbps,24780 kB/s
54.203.85.46,443,204.110.220.36,US,,隧道,81 ms,200 Mbps,25702 kB/s
18.192.93.64,443,2a05:d014:ed:9600:f52b:ab01:6bb:bc9d,DE,,隧道,86 ms,264 Mbps,33894 kB/s
3.67.232.136,443,3.68.128.205,DE,,隧道,87 ms,251 Mbps,32153 kB/s
18.185.254.189,443,3.68.128.205,DE,,隧道,87 ms,253 Mbps,32460 kB/s
124.156.202.172,443,124.156.202.172,SG,,中转,224 ms,68 Mbps,8804 kB/s
18.159.105.97,443,2a05:d014:ed:9600:f52b:ab01:6bb:bc9d,DE,,隧道,95 ms,231 Mbps,29593 kB/s
3.66.115.225,443,2a05:d014:ed:9600:f52b:ab01:6bb:bc9d,DE,,隧道,87 ms,232 Mbps,29798 kB/s
8.222.67.79,443,8.221.33.169,US,Ashburn,隧道,165 ms,92 Mbps,11878 kB/s
18.191.122.211,443,3.130.64.226,US,,隧道,171 ms,672 Mbps,86016 kB/s
3.127.55.133,443,2a05:d014:ed:9600:f52b:ab01:6bb:bc9d,DE,,隧道,90 ms,240 Mbps,30720 kB/s
193.123.69.77,443,193.123.69.77,AE,,中转,184 ms,39 Mbps,5071 kB/s
35.157.240.237,443,3.68.128.205,DE,,隧道,92 ms,243 Mbps,31129 kB/s
3.68.62.122,443,3.68.128.205,DE,,隧道,98 ms,242 Mbps,31027 kB/s
18.156.209.101,443,3.68.128.205,DE,,隧道,141 ms,244 Mbps,31232 kB/s
129.159.84.71,443,129.159.84.71,US,Ashburn,中转,84 ms,3 Mbps,477 kB/s
8.209.217.106,443,8.209.217.106,JP,Tokyo,中转,170 ms,32 Mbps,4186 kB/s
193.122.53.69,443,2a0b:21c0:1007:1ca:0:685e:9ceb:b921,DE,Frankfurt,隧道,126 ms,144 Mbps,18534 kB/s
168.138.66.11,443,168.138.66.11,CA,Toronto,中转,32 ms,48 Mbps,6218 kB/s
129.213.136.180,443,129.213.136.180,US,Ashburn,中转,35 ms,96 Mbps,12390 kB/s
129.146.248.140,443,129.146.248.140,US,Los Angeles,中转,110 ms,138 Mbps,17715 kB/s
144.21.63.163,443,2a0b:21c0:1007:1ca:0:ed3:e40:851f,DE,Frankfurt,隧道,89 ms,121 Mbps,15564 kB/s
141.144.200.82,443,2a0b:21c0:1007:ca:0:5746:296f:a0aa,DE,Frankfurt,隧道,134 ms,149 Mbps,19148 kB/s
129.146.168.102,443,104.28.205.110,US,Los Angeles,隧道,69 ms,43 Mbps,5589 kB/s
158.101.15.48,443,158.101.15.48,US,Los Angeles,中转,61 ms,298 Mbps,38195 kB/s
152.70.119.237,443,2a09:bac5:6443:28::4:243,US,San Jose,隧道,132 ms,10 Mbps,1313 kB/s
130.61.170.78,443,130.61.170.78,DE,Frankfurt,中转,90 ms,136 Mbps,17510 kB/s
130.162.162.154,443,2a0b:21c0:1007:cb:0:3ef7:f596:a073,DE,Frankfurt,隧道,89 ms,140 Mbps,18022 kB/s
152.67.78.184,443,152.67.78.184,CH,Zurich,中转,100 ms,30 Mbps,3861 kB/s
152.70.57.182,443,152.70.57.182,NL,Amsterdam,中转,80 ms,40 Mbps,5228 kB/s
193.122.107.147,443,193.122.107.147,KR,Seoul,中转,187 ms,42 Mbps,5381 kB/s
8.213.137.24,443,8.213.137.24,SG,,中转,185 ms,89 Mbps,11468 kB/s
158.180.65.13,443,158.180.65.13,KR,Seoul,中转,251 ms,36 Mbps,4690 kB/s
152.67.212.141,443,152.67.212.141,KR,Seoul,中转,185 ms,83 Mbps,10649 kB/s
193.122.110.171,443,193.122.110.171,KR,Seoul,中转,228 ms,39 Mbps,5083 kB/s
64.110.101.125,443,64.110.101.125,JP,Osaka,中转,274 ms,72 Mbps,9322 kB/s
140.238.195.98,443,140.238.195.98,AU,Sydney,中转,214 ms,34 Mbps,4366 kB/s
47.57.13.107,443,8.212.22.216,HK,Hong Kong,隧道,253 ms,0 Mbps,110 kB/s
141.145.199.188,443,2603:c027:c002:9a00:b670:5cb3:e47d:8c20,FR,,隧道,153 ms,178 Mbps,22835 kB/s
103.137.63.2,443,61.224.125.18,TW,,隧道,193 ms,69 Mbps,8957 kB/s
149.129.8.215,443,47.88.55.210,US,San Jose,隧道,212 ms,3 Mbps,468 kB/s
43.204.146.16,443,43.204.146.16,IN,,中转,196 ms,67 Mbps,8689 kB/s
138.3.254.39,443,138.3.254.39,DE,Frankfurt,中转,85 ms,224 Mbps,28672 kB/s
144.24.243.207,443,144.24.243.207,CH,,中转,100 ms,142 Mbps,18227 kB/s
47.88.15.127,443,47.88.15.127,US,San Jose,中转,66 ms,0 Mbps,39 kB/s
