中转IP,中转端口,回源IP,国家,数据中心,IP类型,网络延迟,等效带宽,峰值速度,峰值速度数值
140.238.28.86,443.0,140.238.28.86,KR,Seoul,中转,183 ms,85 Mbps,10956 kB/s,10956.0
144.24.80.56,443.0,2603:c024:8:5677:6f45:947f:3e3a:1eb8,KR,Seoul,隧道,184 ms,84 Mbps,10752 kB/s,10752.0
129.154.207.203,443.0,2a09:bac1:3f00:90::22:10e,KR,Seoul,隧道,185 ms,83 Mbps,10649 kB/s,10649.0
152.67.212.141,443.0,152.67.212.141,KR,Seoul,中转,185 ms,83 Mbps,10649 kB/s,10649.0
144.24.78.162,443.0,144.24.78.162,KR,Seoul,中转,184 ms,50 Mbps,6511 kB/s,6511.0
193.122.107.147,443.0,193.122.107.147,KR,Seoul,中转,187 ms,42 Mbps,5381 kB/s,5381.0
193.122.110.171,443.0,193.122.110.171,KR,Seoul,中转,228 ms,39 Mbps,5083 kB/s,5083.0
158.180.65.13,443.0,158.180.65.13,KR,Seoul,中转,251 ms,36 Mbps,4690 kB/s,4690.0
